[{"pk": 1, "model": "contenttypes.contenttype", "fields": {"model": "permission", "name": "permission", "app_label": "auth"}}, {"pk": 2, "model": "contenttypes.contenttype", "fields": {"model": "group", "name": "group", "app_label": "auth"}}, {"pk": 3, "model": "contenttypes.contenttype", "fields": {"model": "user", "name": "user", "app_label": "auth"}}, {"pk": 4, "model": "contenttypes.contenttype", "fields": {"model": "contenttype", "name": "content type", "app_label": "contenttypes"}}, {"pk": 5, "model": "contenttypes.contenttype", "fields": {"model": "session", "name": "session", "app_label": "sessions"}}, {"pk": 6, "model": "contenttypes.contenttype", "fields": {"model": "site", "name": "site", "app_label": "sites"}}, {"pk": 7, "model": "contenttypes.contenttype", "fields": {"model": "logentry", "name": "log entry", "app_label": "admin"}}, {"pk": 8, "model": "contenttypes.contenttype", "fields": {"model": "apuesta", "name": "apuesta", "app_label": "apuesta"}}, {"pk": 9, "model": "contenttypes.contenttype", "fields": {"model": "grupo", "name": "grupo", "app_label": "mundial"}}, {"pk": 10, "model": "contenttypes.contenttype", "fields": {"model": "equipo", "name": "equipo", "app_label": "mundial"}}, {"pk": 11, "model": "contenttypes.contenttype", "fields": {"model": "partido", "name": "partido", "app_label": "mundial"}}, {"pk": 12, "model": "contenttypes.contenttype", "fields": {"model": "configuracion", "name": "configuracion", "app_label": "mundial"}}, {"pk": 13, "model": "contenttypes.contenttype", "fields": {"model": "configuracionpuntos", "name": "configuracion puntos", "app_label": "mundial"}}, {"pk": 14, "model": "contenttypes.contenttype", "fields": {"model": "torneo", "name": "torneo", "app_label": "social"}}, {"pk": 15, "model": "contenttypes.contenttype", "fields": {"model": "invitacion", "name": "invitacion", "app_label": "social"}}, {"pk": 16, "model": "contenttypes.contenttype", "fields": {"model": "puntaje", "name": "puntaje", "app_label": "social"}}, {"pk": "g0f7amh4t2a0k36ojzlcwlfbuw7lw210", "model": "sessions.session", "fields": {"expire_date": "2014-06-23T19:51:55.909Z", "session_data": "Y2Q5YjY3YTBmNTM4Yjg2ZTUxNDBhODY4MmYyM2ZkNTg5NGYzNmU1ODqAAn1xAShVDV9hdXRoX3VzZXJfaWRLAlUSX2F1dGhfdXNlcl9iYWNrZW5kVSlkamFuZ28uY29udHJpYi5hdXRoLmJhY2tlbmRzLk1vZGVsQmFja2VuZHECdS4="}}, {"pk": 1, "model": "sites.site", "fields": {"domain": "example.com", "name": "example.com"}}, {"pk": 1, "model": "mundial.grupo", "fields": {"nombre": "A"}}, {"pk": 2, "model": "mundial.grupo", "fields": {"nombre": "B"}}, {"pk": 3, "model": "mundial.grupo", "fields": {"nombre": "C"}}, {"pk": 4, "model": "mundial.grupo", "fields": {"nombre": "D"}}, {"pk": 5, "model": "mundial.grupo", "fields": {"nombre": "E"}}, {"pk": 6, "model": "mundial.grupo", "fields": {"nombre": "F"}}, {"pk": 7, "model": "mundial.grupo", "fields": {"nombre": "G"}}, {"pk": 8, "model": "mundial.grupo", "fields": {"nombre": "H"}}, {"pk": 1, "model": "mundial.equipo", "fields": {"empates": 0, "puntos": 0, "golesC": 0, "golesF": 0, "bandera": "cargas/br_1.png", "partidosP": 0, "partidosG": 0, "pais": "Brasil", "continente": "Am\u00e9rica del Sur", "grupo": 1}}, {"pk": 2, "model": "mundial.equipo", "fields": {"empates": 0, "puntos": 0, "golesC": 0, "golesF": 0, "bandera": "cargas/hr.png", "partidosP": 0, "partidosG": 0, "pais": "Croacia", "continente": "Europa", "grupo": 1}}, {"pk": 3, "model": "mundial.equipo", "fields": {"empates": 0, "puntos": 0, "golesC": 0, "golesF": 0, "bandera": "cargas/mx_1.png", "partidosP": 0, "partidosG": 0, "pais": "M\u00e9xico", "continente": "Norte Am\u00e9rica y El Caribe", "grupo": 1}}, {"pk": 4, "model": "mundial.equipo", "fields": {"empates": 0, "puntos": 0, "golesC": 0, "golesF": 0, "bandera": "cargas/cm_2.png", "partidosP": 0, "partidosG": 0, "pais": "Camer\u00fan", "continente": "\u00c1frica", "grupo": 1}}, {"pk": 5, "model": "mundial.equipo", "fields": {"empates": 0, "puntos": 0, "golesC": 0, "golesF": 0, "bandera": "cargas/es.png", "partidosP": 0, "partidosG": 0, "pais": "Espa\u00f1a", "continente": "Europa", "grupo": 2}}, {"pk": 6, "model": "mundial.equipo", "fields": {"empates": 0, "puntos": 0, "golesC": 0, "golesF": 0, "bandera": "cargas/nl.png", "partidosP": 0, "partidosG": 0, "pais": "Holanda", "continente": "Europa", "grupo": 2}}, {"pk": 7, "model": "mundial.equipo", "fields": {"empates": 0, "puntos": 0, "golesC": 0, "golesF": 0, "bandera": "cargas/cl.png", "partidosP": 0, "partidosG": 0, "pais": "Chile", "continente": "Am\u00e9rica del Sur", "grupo": 2}}, {"pk": 8, "model": "mundial.equipo", "fields": {"empates": 0, "puntos": 0, "golesC": 0, "golesF": 0, "bandera": "cargas/au.png", "partidosP": 0, "partidosG": 0, "pais": "Australia", "continente": "Ocean\u00eda", "grupo": 2}}, {"pk": 9, "model": "mundial.equipo", "fields": {"empates": 0, "puntos": 0, "golesC": 0, "golesF": 0, "bandera": "cargas/co.png", "partidosP": 0, "partidosG": 0, "pais": "Colombia", "continente": "Am\u00e9rica del Sur", "grupo": 3}}, {"pk": 10, "model": "mundial.equipo", "fields": {"empates": 0, "puntos": 0, "golesC": 0, "golesF": 0, "bandera": "cargas/gr.png", "partidosP": 0, "partidosG": 0, "pais": "Grecia", "continente": "Europa", "grupo": 3}}, {"pk": 11, "model": "mundial.equipo", "fields": {"empates": 0, "puntos": 0, "golesC": 0, "golesF": 0, "bandera": "cargas/ci.png", "partidosP": 0, "partidosG": 0, "pais": "Costa de Marfil", "continente": "\u00c1frica", "grupo": 3}}, {"pk": 12, "model": "mundial.equipo", "fields": {"empates": 0, "puntos": 0, "golesC": 0, "golesF": 0, "bandera": "cargas/jp.png", "partidosP": 0, "partidosG": 0, "pais": "Jap\u00f3n", "continente": "Asia", "grupo": 3}}, {"pk": 13, "model": "mundial.equipo", "fields": {"empates": 0, "puntos": 0, "golesC": 0, "golesF": 0, "bandera": "cargas/uy.png", "partidosP": 0, "partidosG": 0, "pais": "Uruguay", "continente": "Am\u00e9rica del Sur", "grupo": 4}}, {"pk": 14, "model": "mundial.equipo", "fields": {"empates": 0, "puntos": 0, "golesC": 0, "golesF": 0, "bandera": "cargas/cr.png", "partidosP": 0, "partidosG": 0, "pais": "Costa Rica", "continente": "Norte Am\u00e9rica y El Caribe", "grupo": 4}}, {"pk": 15, "model": "mundial.equipo", "fields": {"empates": 0, "puntos": 0, "golesC": 0, "golesF": 0, "bandera": "cargas/en.png", "partidosP": 0, "partidosG": 0, "pais": "Inglaterra", "continente": "Europa", "grupo": 4}}, {"pk": 16, "model": "mundial.equipo", "fields": {"empates": 0, "puntos": 0, "golesC": 0, "golesF": 0, "bandera": "cargas/it.png", "partidosP": 0, "partidosG": 0, "pais": "Italia", "continente": "Europa", "grupo": 4}}, {"pk": 17, "model": "mundial.equipo", "fields": {"empates": 0, "puntos": 0, "golesC": 0, "golesF": 0, "bandera": "cargas/ch.png", "partidosP": 0, "partidosG": 0, "pais": "Suiza", "continente": "Europa", "grupo": 5}}, {"pk": 18, "model": "mundial.equipo", "fields": {"empates": 0, "puntos": 0, "golesC": 0, "golesF": 0, "bandera": "cargas/ec.png", "partidosP": 0, "partidosG": 0, "pais": "Ecuador", "continente": "Am\u00e9rica del Sur", "grupo": 5}}, {"pk": 19, "model": "mundial.equipo", "fields": {"empates": 0, "puntos": 0, "golesC": 0, "golesF": 0, "bandera": "cargas/fr.png", "partidosP": 0, "partidosG": 0, "pais": "Francia", "continente": "Europa", "grupo": 5}}, {"pk": 20, "model": "mundial.equipo", "fields": {"empates": 0, "puntos": 0, "golesC": 0, "golesF": 0, "bandera": "cargas/hn.png", "partidosP": 0, "partidosG": 0, "pais": "Honduras", "continente": "Norte Am\u00e9rica y El Caribe", "grupo": 5}}, {"pk": 21, "model": "mundial.equipo", "fields": {"empates": 0, "puntos": 0, "golesC": 0, "golesF": 0, "bandera": "cargas/ar.png", "partidosP": 0, "partidosG": 0, "pais": "Argentina", "continente": "Am\u00e9rica del Sur", "grupo": 6}}, {"pk": 22, "model": "mundial.equipo", "fields": {"empates": 0, "puntos": 0, "golesC": 0, "golesF": 0, "bandera": "cargas/ba.png", "partidosP": 0, "partidosG": 0, "pais": "Boznia y Herzegovina", "continente": "Europa", "grupo": 6}}, {"pk": 23, "model": "mundial.equipo", "fields": {"empates": 0, "puntos": 0, "golesC": 0, "golesF": 0, "bandera": "cargas/ir.png", "partidosP": 0, "partidosG": 0, "pais": "Iran", "continente": "Asia", "grupo": 6}}, {"pk": 24, "model": "mundial.equipo", "fields": {"empates": 0, "puntos": 0, "golesC": 0, "golesF": 0, "bandera": "cargas/ng.png", "partidosP": 0, "partidosG": 0, "pais": "Nigeria", "continente": "\u00c1frica", "grupo": 6}}, {"pk": 25, "model": "mundial.equipo", "fields": {"empates": 0, "puntos": 0, "golesC": 0, "golesF": 0, "bandera": "cargas/de.png", "partidosP": 0, "partidosG": 0, "pais": "Alemania", "continente": "Europa", "grupo": 7}}, {"pk": 26, "model": "mundial.equipo", "fields": {"empates": 0, "puntos": 0, "golesC": 0, "golesF": 0, "bandera": "cargas/pt.png", "partidosP": 0, "partidosG": 0, "pais": "Portugal", "continente": "Europa", "grupo": 7}}, {"pk": 27, "model": "mundial.equipo", "fields": {"empates": 0, "puntos": 0, "golesC": 0, "golesF": 0, "bandera": "cargas/gh.png", "partidosP": 0, "partidosG": 0, "pais": "Ghana", "continente": "\u00c1frica", "grupo": 7}}, {"pk": 28, "model": "mundial.equipo", "fields": {"empates": 0, "puntos": 0, "golesC": 0, "golesF": 0, "bandera": "cargas/us.png", "partidosP": 0, "partidosG": 0, "pais": "Estados Unidos", "continente": "Norte Am\u00e9rica y El Caribe", "grupo": 7}}, {"pk": 29, "model": "mundial.equipo", "fields": {"empates": 0, "puntos": 0, "golesC": 0, "golesF": 0, "bandera": "cargas/be.png", "partidosP": 0, "partidosG": 0, "pais": "B\u00e9lgica", "continente": "Europa", "grupo": 8}}, {"pk": 30, "model": "mundial.equipo", "fields": {"empates": 0, "puntos": 0, "golesC": 0, "golesF": 0, "bandera": "cargas/dz.png", "partidosP": 0, "partidosG": 0, "pais": "Algeria", "continente": "\u00c1frica", "grupo": 8}}, {"pk": 31, "model": "mundial.equipo", "fields": {"empates": 0, "puntos": 0, "golesC": 0, "golesF": 0, "bandera": "cargas/ru.png", "partidosP": 0, "partidosG": 0, "pais": "Rusia", "continente": "Europa", "grupo": 8}}, {"pk": 32, "model": "mundial.equipo", "fields": {"empates": 0, "puntos": 0, "golesC": 0, "golesF": 0, "bandera": "cargas/kr.png", "partidosP": 0, "partidosG": 0, "pais": "Korea del Sur", "continente": "Asia", "grupo": 8}}, {"pk": 1, "model": "mundial.partido", "fields": {"hora": "16:00", "equipoV": 2, "golesL": 0, "fecha": "2014-06-12", "golesC": 0, "ganador": "N", "equipoL": 1, "fase": "G"}}, {"pk": 2, "model": "mundial.partido", "fields": {"hora": "12:00", "equipoV": 4, "golesL": 0, "fecha": "2014-06-13", "golesC": 0, "ganador": "N", "equipoL": 3, "fase": "G"}}, {"pk": 3, "model": "mundial.partido", "fields": {"hora": "15:00", "equipoV": 6, "golesL": 0, "fecha": "2014-06-13", "golesC": 0, "ganador": "N", "equipoL": 5, "fase": "G"}}, {"pk": 4, "model": "mundial.partido", "fields": {"hora": "18:00", "equipoV": 8, "golesL": 0, "fecha": "2014-06-13", "golesC": 0, "ganador": "N", "equipoL": 7, "fase": "G"}}, {"pk": 5, "model": "mundial.partido", "fields": {"hora": "12:00", "equipoV": 10, "golesL": 0, "fecha": "2014-06-14", "golesC": 0, "ganador": "N", "equipoL": 9, "fase": "G"}}, {"pk": 6, "model": "mundial.partido", "fields": {"hora": "15:00", "equipoV": 14, "golesL": 0, "fecha": "2014-06-14", "golesC": 0, "ganador": "N", "equipoL": 13, "fase": "G"}}, {"pk": 7, "model": "mundial.partido", "fields": {"hora": "18:00", "equipoV": 16, "golesL": 0, "fecha": "2014-06-14", "golesC": 0, "ganador": "N", "equipoL": 15, "fase": "G"}}, {"pk": 8, "model": "mundial.partido", "fields": {"hora": "21:00", "equipoV": 12, "golesL": 0, "fecha": "2014-06-14", "golesC": 0, "ganador": "N", "equipoL": 11, "fase": "G"}}, {"pk": 9, "model": "mundial.partido", "fields": {"hora": "12:00", "equipoV": 18, "golesL": 0, "fecha": "2014-06-15", "golesC": 0, "ganador": "N", "equipoL": 17, "fase": "G"}}, {"pk": 10, "model": "mundial.partido", "fields": {"hora": "15:00", "equipoV": 20, "golesL": 0, "fecha": "2014-06-15", "golesC": 0, "ganador": "N", "equipoL": 19, "fase": "G"}}, {"pk": 11, "model": "mundial.partido", "fields": {"hora": "18:00", "equipoV": 22, "golesL": 0, "fecha": "2014-06-15", "golesC": 0, "ganador": "N", "equipoL": 21, "fase": "G"}}, {"pk": 12, "model": "mundial.partido", "fields": {"hora": "12:00", "equipoV": 26, "golesL": 0, "fecha": "2014-06-16", "golesC": 0, "ganador": "N", "equipoL": 25, "fase": "G"}}, {"pk": 13, "model": "mundial.partido", "fields": {"hora": "15:00", "equipoV": 24, "golesL": 0, "fecha": "2014-06-16", "golesC": 0, "ganador": "N", "equipoL": 23, "fase": "G"}}, {"pk": 14, "model": "mundial.partido", "fields": {"hora": "18:00", "equipoV": 28, "golesL": 0, "fecha": "2014-06-16", "golesC": 0, "ganador": "N", "equipoL": 27, "fase": "G"}}, {"pk": 15, "model": "mundial.partido", "fields": {"hora": "12:00", "equipoV": 30, "golesL": 0, "fecha": "2014-06-17", "golesC": 0, "ganador": "N", "equipoL": 29, "fase": "G"}}, {"pk": 16, "model": "mundial.partido", "fields": {"hora": "15:00", "equipoV": 3, "golesL": 0, "fecha": "2014-06-17", "golesC": 0, "ganador": "N", "equipoL": 1, "fase": "G"}}, {"pk": 17, "model": "mundial.partido", "fields": {"hora": "18:00", "equipoV": 32, "golesL": 0, "fecha": "2014-06-17", "golesC": 0, "ganador": "N", "equipoL": 31, "fase": "G"}}, {"pk": 18, "model": "mundial.partido", "fields": {"hora": "12:00", "equipoV": 6, "golesL": 0, "fecha": "2014-06-18", "golesC": 0, "ganador": "N", "equipoL": 8, "fase": "G"}}, {"pk": 19, "model": "mundial.partido", "fields": {"hora": "15:00", "equipoV": 7, "golesL": 0, "fecha": "2014-06-18", "golesC": 0, "ganador": "N", "equipoL": 5, "fase": "G"}}, {"pk": 20, "model": "mundial.partido", "fields": {"hora": "18:00", "equipoV": 2, "golesL": 0, "fecha": "2014-06-18", "golesC": 0, "ganador": "N", "equipoL": 4, "fase": "G"}}, {"pk": 21, "model": "mundial.partido", "fields": {"hora": "12:00", "equipoV": 11, "golesL": 0, "fecha": "2014-06-19", "golesC": 0, "ganador": "N", "equipoL": 9, "fase": "G"}}, {"pk": 22, "model": "mundial.partido", "fields": {"hora": "15:00", "equipoV": 15, "golesL": 0, "fecha": "2014-06-19", "golesC": 0, "ganador": "N", "equipoL": 13, "fase": "G"}}, {"pk": 23, "model": "mundial.partido", "fields": {"hora": "18:00", "equipoV": 10, "golesL": 0, "fecha": "2014-06-19", "golesC": 0, "ganador": "N", "equipoL": 12, "fase": "G"}}, {"pk": 24, "model": "mundial.partido", "fields": {"hora": "12:00", "equipoV": 14, "golesL": 0, "fecha": "2014-06-20", "golesC": 0, "ganador": "N", "equipoL": 16, "fase": "G"}}, {"pk": 25, "model": "mundial.partido", "fields": {"hora": "15:00", "equipoV": 19, "golesL": 0, "fecha": "2014-06-20", "golesC": 0, "ganador": "N", "equipoL": 17, "fase": "G"}}, {"pk": 26, "model": "mundial.partido", "fields": {"hora": "18:00", "equipoV": 18, "golesL": 0, "fecha": "2014-06-20", "golesC": 0, "ganador": "N", "equipoL": 20, "fase": "G"}}, {"pk": 27, "model": "mundial.partido", "fields": {"hora": "12:00", "equipoV": 23, "golesL": 0, "fecha": "2014-06-21", "golesC": 0, "ganador": "N", "equipoL": 21, "fase": "G"}}, {"pk": 28, "model": "mundial.partido", "fields": {"hora": "15:00", "equipoV": 27, "golesL": 0, "fecha": "2014-06-21", "golesC": 0, "ganador": "N", "equipoL": 25, "fase": "G"}}, {"pk": 29, "model": "mundial.partido", "fields": {"hora": "18:00", "equipoV": 22, "golesL": 0, "fecha": "2014-06-21", "golesC": 0, "ganador": "N", "equipoL": 24, "fase": "G"}}, {"pk": 30, "model": "mundial.partido", "fields": {"hora": "12:00", "equipoV": 31, "golesL": 0, "fecha": "2014-06-22", "golesC": 0, "ganador": "N", "equipoL": 29, "fase": "G"}}, {"pk": 31, "model": "mundial.partido", "fields": {"hora": "15:00", "equipoV": 30, "golesL": 0, "fecha": "2014-06-22", "golesC": 0, "ganador": "N", "equipoL": 32, "fase": "G"}}, {"pk": 32, "model": "mundial.partido", "fields": {"hora": "18:00", "equipoV": 26, "golesL": 0, "fecha": "2014-06-22", "golesC": 0, "ganador": "N", "equipoL": 28, "fase": "G"}}, {"pk": 33, "model": "mundial.partido", "fields": {"hora": "12:00", "equipoV": 7, "golesL": 0, "fecha": "2014-06-23", "golesC": 0, "ganador": "N", "equipoL": 6, "fase": "G"}}, {"pk": 34, "model": "mundial.partido", "fields": {"hora": "12:00", "equipoV": 5, "golesL": 0, "fecha": "2014-06-23", "golesC": 0, "ganador": "N", "equipoL": 8, "fase": "G"}}, {"pk": 35, "model": "mundial.partido", "fields": {"hora": "16:00", "equipoV": 1, "golesL": 0, "fecha": "2014-06-23", "golesC": 0, "ganador": "N", "equipoL": 4, "fase": "G"}}, {"pk": 36, "model": "mundial.partido", "fields": {"hora": "16:00", "equipoV": 3, "golesL": 0, "fecha": "2014-06-23", "golesC": 0, "ganador": "N", "equipoL": 2, "fase": "G"}}, {"pk": 37, "model": "mundial.partido", "fields": {"hora": "12:00", "equipoV": 13, "golesL": 0, "fecha": "2014-06-24", "golesC": 0, "ganador": "N", "equipoL": 16, "fase": "G"}}, {"pk": 38, "model": "mundial.partido", "fields": {"hora": "12:00", "equipoV": 15, "golesL": 0, "fecha": "2014-06-24", "golesC": 0, "ganador": "N", "equipoL": 14, "fase": "G"}}, {"pk": 39, "model": "mundial.partido", "fields": {"hora": "16:00", "equipoV": 9, "golesL": 0, "fecha": "2014-06-24", "golesC": 0, "ganador": "N", "equipoL": 12, "fase": "G"}}, {"pk": 40, "model": "mundial.partido", "fields": {"hora": "16:00", "equipoV": 11, "golesL": 0, "fecha": "2014-06-24", "golesC": 0, "ganador": "N", "equipoL": 10, "fase": "G"}}, {"pk": 41, "model": "mundial.partido", "fields": {"hora": "12:00", "equipoV": 21, "golesL": 0, "fecha": "2014-06-25", "golesC": 0, "ganador": "N", "equipoL": 24, "fase": "G"}}, {"pk": 42, "model": "mundial.partido", "fields": {"hora": "12:00", "equipoV": 23, "golesL": 0, "fecha": "2014-06-25", "golesC": 0, "ganador": "N", "equipoL": 22, "fase": "G"}}, {"pk": 43, "model": "mundial.partido", "fields": {"hora": "16:00", "equipoV": 17, "golesL": 0, "fecha": "2014-06-25", "golesC": 0, "ganador": "N", "equipoL": 20, "fase": "G"}}, {"pk": 44, "model": "mundial.partido", "fields": {"hora": "16:00", "equipoV": 19, "golesL": 0, "fecha": "2014-06-25", "golesC": 0, "ganador": "N", "equipoL": 18, "fase": "G"}}, {"pk": 45, "model": "mundial.partido", "fields": {"hora": "12:00", "equipoV": 25, "golesL": 0, "fecha": "2014-06-26", "golesC": 0, "ganador": "N", "equipoL": 28, "fase": "G"}}, {"pk": 46, "model": "mundial.partido", "fields": {"hora": "12:00", "equipoV": 27, "golesL": 0, "fecha": "2014-06-26", "golesC": 0, "ganador": "N", "equipoL": 26, "fase": "G"}}, {"pk": 47, "model": "mundial.partido", "fields": {"hora": "16:00", "equipoV": 29, "golesL": 0, "fecha": "2014-06-26", "golesC": 0, "ganador": "N", "equipoL": 32, "fase": "G"}}, {"pk": 48, "model": "mundial.partido", "fields": {"hora": "16:00", "equipoV": 31, "golesL": 0, "fecha": "2014-06-26", "golesC": 0, "ganador": "N", "equipoL": 30, "fase": "G"}}, {"pk": 1, "model": "mundial.configuracion", "fields": {"tipo": "apuestas", "valor": true}}, {"pk": 1, "model": "mundial.configuracionpuntos", "fields": {"factor": 2.0, "puntos": 1, "fase": "G"}}, {"pk": 1, "model": "social.invitacion", "fields": {"correo": "belneser@turpialdev.com", "torneo": 1, "hash": "11402336502belneser@turpialdev.com", "estado": "N"}}, {"pk": 2, "model": "social.invitacion", "fields": {"correo": "leofaster@gmail.com", "torneo": 1, "hash": "11402336502leofaster@gmail.com", "estado": "N"}}, {"pk": 3, "model": "social.invitacion", "fields": {"correo": "boris.elneser@gmail.com", "torneo": 2, "hash": "21402336543boris.elneser@gmail.com", "estado": "N"}}, {"pk": 1, "model": "auth.permission", "fields": {"codename": "add_permission", "name": "Can add permission", "content_type": ["auth", "permission"]}}, {"pk": 2, "model": "auth.permission", "fields": {"codename": "change_permission", "name": "Can change permission", "content_type": ["auth", "permission"]}}, {"pk": 3, "model": "auth.permission", "fields": {"codename": "delete_permission", "name": "Can delete permission", "content_type": ["auth", "permission"]}}, {"pk": 4, "model": "auth.permission", "fields": {"codename": "add_group", "name": "Can add group", "content_type": ["auth", "group"]}}, {"pk": 5, "model": "auth.permission", "fields": {"codename": "change_group", "name": "Can change group", "content_type": ["auth", "group"]}}, {"pk": 6, "model": "auth.permission", "fields": {"codename": "delete_group", "name": "Can delete group", "content_type": ["auth", "group"]}}, {"pk": 7, "model": "auth.permission", "fields": {"codename": "add_user", "name": "Can add user", "content_type": ["auth", "user"]}}, {"pk": 8, "model": "auth.permission", "fields": {"codename": "change_user", "name": "Can change user", "content_type": ["auth", "user"]}}, {"pk": 9, "model": "auth.permission", "fields": {"codename": "delete_user", "name": "Can delete user", "content_type": ["auth", "user"]}}, {"pk": 10, "model": "auth.permission", "fields": {"codename": "add_contenttype", "name": "Can add content type", "content_type": ["contenttypes", "contenttype"]}}, {"pk": 11, "model": "auth.permission", "fields": {"codename": "change_contenttype", "name": "Can change content type", "content_type": ["contenttypes", "contenttype"]}}, {"pk": 12, "model": "auth.permission", "fields": {"codename": "delete_contenttype", "name": "Can delete content type", "content_type": ["contenttypes", "contenttype"]}}, {"pk": 13, "model": "auth.permission", "fields": {"codename": "add_session", "name": "Can add session", "content_type": ["sessions", "session"]}}, {"pk": 14, "model": "auth.permission", "fields": {"codename": "change_session", "name": "Can change session", "content_type": ["sessions", "session"]}}, {"pk": 15, "model": "auth.permission", "fields": {"codename": "delete_session", "name": "Can delete session", "content_type": ["sessions", "session"]}}, {"pk": 16, "model": "auth.permission", "fields": {"codename": "add_site", "name": "Can add site", "content_type": ["sites", "site"]}}, {"pk": 17, "model": "auth.permission", "fields": {"codename": "change_site", "name": "Can change site", "content_type": ["sites", "site"]}}, {"pk": 18, "model": "auth.permission", "fields": {"codename": "delete_site", "name": "Can delete site", "content_type": ["sites", "site"]}}, {"pk": 19, "model": "auth.permission", "fields": {"codename": "add_logentry", "name": "Can add log entry", "content_type": ["admin", "logentry"]}}, {"pk": 20, "model": "auth.permission", "fields": {"codename": "change_logentry", "name": "Can change log entry", "content_type": ["admin", "logentry"]}}, {"pk": 21, "model": "auth.permission", "fields": {"codename": "delete_logentry", "name": "Can delete log entry", "content_type": ["admin", "logentry"]}}, {"pk": 22, "model": "auth.permission", "fields": {"codename": "add_apuesta", "name": "Can add apuesta", "content_type": ["apuesta", "apuesta"]}}, {"pk": 23, "model": "auth.permission", "fields": {"codename": "change_apuesta", "name": "Can change apuesta", "content_type": ["apuesta", "apuesta"]}}, {"pk": 24, "model": "auth.permission", "fields": {"codename": "delete_apuesta", "name": "Can delete apuesta", "content_type": ["apuesta", "apuesta"]}}, {"pk": 25, "model": "auth.permission", "fields": {"codename": "add_grupo", "name": "Can add grupo", "content_type": ["mundial", "grupo"]}}, {"pk": 26, "model": "auth.permission", "fields": {"codename": "change_grupo", "name": "Can change grupo", "content_type": ["mundial", "grupo"]}}, {"pk": 27, "model": "auth.permission", "fields": {"codename": "delete_grupo", "name": "Can delete grupo", "content_type": ["mundial", "grupo"]}}, {"pk": 28, "model": "auth.permission", "fields": {"codename": "add_equipo", "name": "Can add equipo", "content_type": ["mundial", "equipo"]}}, {"pk": 29, "model": "auth.permission", "fields": {"codename": "change_equipo", "name": "Can change equipo", "content_type": ["mundial", "equipo"]}}, {"pk": 30, "model": "auth.permission", "fields": {"codename": "delete_equipo", "name": "Can delete equipo", "content_type": ["mundial", "equipo"]}}, {"pk": 31, "model": "auth.permission", "fields": {"codename": "add_partido", "name": "Can add partido", "content_type": ["mundial", "partido"]}}, {"pk": 32, "model": "auth.permission", "fields": {"codename": "change_partido", "name": "Can change partido", "content_type": ["mundial", "partido"]}}, {"pk": 33, "model": "auth.permission", "fields": {"codename": "delete_partido", "name": "Can delete partido", "content_type": ["mundial", "partido"]}}, {"pk": 34, "model": "auth.permission", "fields": {"codename": "add_configuracion", "name": "Can add configuracion", "content_type": ["mundial", "configuracion"]}}, {"pk": 35, "model": "auth.permission", "fields": {"codename": "change_configuracion", "name": "Can change configuracion", "content_type": ["mundial", "configuracion"]}}, {"pk": 36, "model": "auth.permission", "fields": {"codename": "delete_configuracion", "name": "Can delete configuracion", "content_type": ["mundial", "configuracion"]}}, {"pk": 37, "model": "auth.permission", "fields": {"codename": "add_configuracionpuntos", "name": "Can add configuracion puntos", "content_type": ["mundial", "configuracionpuntos"]}}, {"pk": 38, "model": "auth.permission", "fields": {"codename": "change_configuracionpuntos", "name": "Can change configuracion puntos", "content_type": ["mundial", "configuracionpuntos"]}}, {"pk": 39, "model": "auth.permission", "fields": {"codename": "delete_configuracionpuntos", "name": "Can delete configuracion puntos", "content_type": ["mundial", "configuracionpuntos"]}}, {"pk": 40, "model": "auth.permission", "fields": {"codename": "add_torneo", "name": "Can add torneo", "content_type": ["social", "torneo"]}}, {"pk": 41, "model": "auth.permission", "fields": {"codename": "change_torneo", "name": "Can change torneo", "content_type": ["social", "torneo"]}}, {"pk": 42, "model": "auth.permission", "fields": {"codename": "delete_torneo", "name": "Can delete torneo", "content_type": ["social", "torneo"]}}, {"pk": 43, "model": "auth.permission", "fields": {"codename": "add_invitacion", "name": "Can add invitacion", "content_type": ["social", "invitacion"]}}, {"pk": 44, "model": "auth.permission", "fields": {"codename": "change_invitacion", "name": "Can change invitacion", "content_type": ["social", "invitacion"]}}, {"pk": 45, "model": "auth.permission", "fields": {"codename": "delete_invitacion", "name": "Can delete invitacion", "content_type": ["social", "invitacion"]}}, {"pk": 46, "model": "auth.permission", "fields": {"codename": "add_puntaje", "name": "Can add puntaje", "content_type": ["social", "puntaje"]}}, {"pk": 47, "model": "auth.permission", "fields": {"codename": "change_puntaje", "name": "Can change puntaje", "content_type": ["social", "puntaje"]}}, {"pk": 48, "model": "auth.permission", "fields": {"codename": "delete_puntaje", "name": "Can delete puntaje", "content_type": ["social", "puntaje"]}}, {"pk": 1, "model": "auth.user", "fields": {"username": "admin", "first_name": "", "last_name": "", "is_active": true, "is_superuser": true, "is_staff": true, "last_login": "2014-06-09T17:46:39.266Z", "groups": [], "user_permissions": [], "password": "pbkdf2_sha256$10000$7LnyQstL0NmQ$yQtKH6HdjWHiL0KX9+/YmeUBtGCLw4eXI11h3T9iwBs=", "email": "belneser@turpialdev.com", "date_joined": "2014-06-09T15:53:17.798Z"}}, {"pk": 2, "model": "auth.user", "fields": {"username": "boriselneser", "first_name": "Boris", "last_name": "Elneser Montiel", "is_active": true, "is_superuser": false, "is_staff": false, "last_login": "2014-06-09T19:51:55.783Z", "groups": [], "user_permissions": [], "password": "pbkdf2_sha256$10000$LEA5DYJ8c3bx$2AqFAkHUNmrOW+6PnNqI9tIzqtDG0Xi8qQ21BlfaMAI=", "email": "boris.elneser@gmail.com", "date_joined": "2014-06-09T17:56:10.074Z"}}, {"pk": 1, "model": "admin.logentry", "fields": {"action_flag": 1, "action_time": "2014-06-09T15:53:48.754Z", "object_repr": "A", "object_id": "1", "change_message": "", "user": ["admin"], "content_type": ["mundial", "grupo"]}}, {"pk": 2, "model": "admin.logentry", "fields": {"action_flag": 1, "action_time": "2014-06-09T15:53:51.311Z", "object_repr": "B", "object_id": "2", "change_message": "", "user": ["admin"], "content_type": ["mundial", "grupo"]}}, {"pk": 3, "model": "admin.logentry", "fields": {"action_flag": 1, "action_time": "2014-06-09T15:53:53.585Z", "object_repr": "C", "object_id": "3", "change_message": "", "user": ["admin"], "content_type": ["mundial", "grupo"]}}, {"pk": 4, "model": "admin.logentry", "fields": {"action_flag": 1, "action_time": "2014-06-09T15:53:55.132Z", "object_repr": "D", "object_id": "4", "change_message": "", "user": ["admin"], "content_type": ["mundial", "grupo"]}}, {"pk": 5, "model": "admin.logentry", "fields": {"action_flag": 1, "action_time": "2014-06-09T15:53:59.442Z", "object_repr": "E", "object_id": "5", "change_message": "", "user": ["admin"], "content_type": ["mundial", "grupo"]}}, {"pk": 6, "model": "admin.logentry", "fields": {"action_flag": 1, "action_time": "2014-06-09T15:54:01.539Z", "object_repr": "F", "object_id": "6", "change_message": "", "user": ["admin"], "content_type": ["mundial", "grupo"]}}, {"pk": 7, "model": "admin.logentry", "fields": {"action_flag": 1, "action_time": "2014-06-09T15:54:04.346Z", "object_repr": "G", "object_id": "7", "change_message": "", "user": ["admin"], "content_type": ["mundial", "grupo"]}}, {"pk": 8, "model": "admin.logentry", "fields": {"action_flag": 1, "action_time": "2014-06-09T15:54:05.928Z", "object_repr": "H", "object_id": "8", "change_message": "", "user": ["admin"], "content_type": ["mundial", "grupo"]}}, {"pk": 9, "model": "admin.logentry", "fields": {"action_flag": 1, "action_time": "2014-06-09T15:54:43.179Z", "object_repr": "Brasil", "object_id": "1", "change_message": "", "user": ["admin"], "content_type": ["mundial", "equipo"]}}, {"pk": 10, "model": "admin.logentry", "fields": {"action_flag": 1, "action_time": "2014-06-09T15:55:35.072Z", "object_repr": "Croacia", "object_id": "2", "change_message": "", "user": ["admin"], "content_type": ["mundial", "equipo"]}}, {"pk": 11, "model": "admin.logentry", "fields": {"action_flag": 1, "action_time": "2014-06-09T15:55:52.578Z", "object_repr": "M\u00e9xico", "object_id": "3", "change_message": "", "user": ["admin"], "content_type": ["mundial", "equipo"]}}, {"pk": 12, "model": "admin.logentry", "fields": {"action_flag": 1, "action_time": "2014-06-09T15:56:07.264Z", "object_repr": "Camer\u00fan", "object_id": "4", "change_message": "", "user": ["admin"], "content_type": ["mundial", "equipo"]}}, {"pk": 13, "model": "admin.logentry", "fields": {"action_flag": 1, "action_time": "2014-06-09T15:56:38.750Z", "object_repr": "Espa\u00f1a", "object_id": "5", "change_message": "", "user": ["admin"], "content_type": ["mundial", "equipo"]}}, {"pk": 14, "model": "admin.logentry", "fields": {"action_flag": 1, "action_time": "2014-06-09T15:57:02.694Z", "object_repr": "Holanda", "object_id": "6", "change_message": "", "user": ["admin"], "content_type": ["mundial", "equipo"]}}, {"pk": 15, "model": "admin.logentry", "fields": {"action_flag": 1, "action_time": "2014-06-09T15:57:23.092Z", "object_repr": "Chile", "object_id": "7", "change_message": "", "user": ["admin"], "content_type": ["mundial", "equipo"]}}, {"pk": 16, "model": "admin.logentry", "fields": {"action_flag": 1, "action_time": "2014-06-09T15:57:44.005Z", "object_repr": "Australia", "object_id": "8", "change_message": "", "user": ["admin"], "content_type": ["mundial", "equipo"]}}, {"pk": 17, "model": "admin.logentry", "fields": {"action_flag": 1, "action_time": "2014-06-09T15:58:04.815Z", "object_repr": "Colombia", "object_id": "9", "change_message": "", "user": ["admin"], "content_type": ["mundial", "equipo"]}}, {"pk": 18, "model": "admin.logentry", "fields": {"action_flag": 1, "action_time": "2014-06-09T15:58:25.913Z", "object_repr": "Grecia", "object_id": "10", "change_message": "", "user": ["admin"], "content_type": ["mundial", "equipo"]}}, {"pk": 19, "model": "admin.logentry", "fields": {"action_flag": 1, "action_time": "2014-06-09T15:58:46.162Z", "object_repr": "Costa de Marfil", "object_id": "11", "change_message": "", "user": ["admin"], "content_type": ["mundial", "equipo"]}}, {"pk": 20, "model": "admin.logentry", "fields": {"action_flag": 1, "action_time": "2014-06-09T15:59:05.321Z", "object_repr": "Jap\u00f3n", "object_id": "12", "change_message": "", "user": ["admin"], "content_type": ["mundial", "equipo"]}}, {"pk": 21, "model": "admin.logentry", "fields": {"action_flag": 1, "action_time": "2014-06-09T15:59:28.692Z", "object_repr": "Uruguay", "object_id": "13", "change_message": "", "user": ["admin"], "content_type": ["mundial", "equipo"]}}, {"pk": 22, "model": "admin.logentry", "fields": {"action_flag": 1, "action_time": "2014-06-09T16:00:09.122Z", "object_repr": "Costa Rica", "object_id": "14", "change_message": "", "user": ["admin"], "content_type": ["mundial", "equipo"]}}, {"pk": 23, "model": "admin.logentry", "fields": {"action_flag": 1, "action_time": "2014-06-09T16:03:13.658Z", "object_repr": "Inglaterra", "object_id": "15", "change_message": "", "user": ["admin"], "content_type": ["mundial", "equipo"]}}, {"pk": 24, "model": "admin.logentry", "fields": {"action_flag": 1, "action_time": "2014-06-09T16:03:35.802Z", "object_repr": "Italia", "object_id": "16", "change_message": "", "user": ["admin"], "content_type": ["mundial", "equipo"]}}, {"pk": 25, "model": "admin.logentry", "fields": {"action_flag": 1, "action_time": "2014-06-09T16:04:07.312Z", "object_repr": "Suiza", "object_id": "17", "change_message": "", "user": ["admin"], "content_type": ["mundial", "equipo"]}}, {"pk": 26, "model": "admin.logentry", "fields": {"action_flag": 1, "action_time": "2014-06-09T16:04:24.932Z", "object_repr": "Ecuador", "object_id": "18", "change_message": "", "user": ["admin"], "content_type": ["mundial", "equipo"]}}, {"pk": 27, "model": "admin.logentry", "fields": {"action_flag": 1, "action_time": "2014-06-09T16:04:42.958Z", "object_repr": "Francia", "object_id": "19", "change_message": "", "user": ["admin"], "content_type": ["mundial", "equipo"]}}, {"pk": 28, "model": "admin.logentry", "fields": {"action_flag": 1, "action_time": "2014-06-09T16:05:13.289Z", "object_repr": "Honduras", "object_id": "20", "change_message": "", "user": ["admin"], "content_type": ["mundial", "equipo"]}}, {"pk": 29, "model": "admin.logentry", "fields": {"action_flag": 1, "action_time": "2014-06-09T16:05:43.792Z", "object_repr": "Argentina", "object_id": "21", "change_message": "", "user": ["admin"], "content_type": ["mundial", "equipo"]}}, {"pk": 30, "model": "admin.logentry", "fields": {"action_flag": 1, "action_time": "2014-06-09T16:06:05.227Z", "object_repr": "Boznia y Herzegovina", "object_id": "22", "change_message": "", "user": ["admin"], "content_type": ["mundial", "equipo"]}}, {"pk": 31, "model": "admin.logentry", "fields": {"action_flag": 1, "action_time": "2014-06-09T16:08:00.048Z", "object_repr": "Iran", "object_id": "23", "change_message": "", "user": ["admin"], "content_type": ["mundial", "equipo"]}}, {"pk": 32, "model": "admin.logentry", "fields": {"action_flag": 1, "action_time": "2014-06-09T16:08:24.990Z", "object_repr": "Nigeria", "object_id": "24", "change_message": "", "user": ["admin"], "content_type": ["mundial", "equipo"]}}, {"pk": 33, "model": "admin.logentry", "fields": {"action_flag": 1, "action_time": "2014-06-09T16:08:43.832Z", "object_repr": "Alemania", "object_id": "25", "change_message": "", "user": ["admin"], "content_type": ["mundial", "equipo"]}}, {"pk": 34, "model": "admin.logentry", "fields": {"action_flag": 1, "action_time": "2014-06-09T16:09:13.599Z", "object_repr": "Portugal", "object_id": "26", "change_message": "", "user": ["admin"], "content_type": ["mundial", "equipo"]}}, {"pk": 35, "model": "admin.logentry", "fields": {"action_flag": 1, "action_time": "2014-06-09T16:09:31.369Z", "object_repr": "Ghana", "object_id": "27", "change_message": "", "user": ["admin"], "content_type": ["mundial", "equipo"]}}, {"pk": 36, "model": "admin.logentry", "fields": {"action_flag": 1, "action_time": "2014-06-09T16:09:54.354Z", "object_repr": "Estados Unidos", "object_id": "28", "change_message": "", "user": ["admin"], "content_type": ["mundial", "equipo"]}}, {"pk": 37, "model": "admin.logentry", "fields": {"action_flag": 1, "action_time": "2014-06-09T16:10:15.319Z", "object_repr": "B\u00e9lgica", "object_id": "29", "change_message": "", "user": ["admin"], "content_type": ["mundial", "equipo"]}}, {"pk": 38, "model": "admin.logentry", "fields": {"action_flag": 1, "action_time": "2014-06-09T16:10:39.996Z", "object_repr": "Algeria", "object_id": "30", "change_message": "", "user": ["admin"], "content_type": ["mundial", "equipo"]}}, {"pk": 39, "model": "admin.logentry", "fields": {"action_flag": 1, "action_time": "2014-06-09T16:10:58.742Z", "object_repr": "Rusia", "object_id": "31", "change_message": "", "user": ["admin"], "content_type": ["mundial", "equipo"]}}, {"pk": 40, "model": "admin.logentry", "fields": {"action_flag": 1, "action_time": "2014-06-09T16:11:25.407Z", "object_repr": "Korea del Sur", "object_id": "32", "change_message": "", "user": ["admin"], "content_type": ["mundial", "equipo"]}}, {"pk": 41, "model": "admin.logentry", "fields": {"action_flag": 1, "action_time": "2014-06-09T16:12:18.333Z", "object_repr": "Configuracion object", "object_id": "1", "change_message": "", "user": ["admin"], "content_type": ["mundial", "configuracion"]}}, {"pk": 42, "model": "admin.logentry", "fields": {"action_flag": 1, "action_time": "2014-06-09T16:12:27.707Z", "object_repr": "ConfiguracionPuntos object", "object_id": "1", "change_message": "", "user": ["admin"], "content_type": ["mundial", "configuracionpuntos"]}}, {"pk": 43, "model": "admin.logentry", "fields": {"action_flag": 1, "action_time": "2014-06-09T16:14:28.052Z", "object_repr": "Partido object", "object_id": "1", "change_message": "", "user": ["admin"], "content_type": ["mundial", "partido"]}}, {"pk": 44, "model": "admin.logentry", "fields": {"action_flag": 1, "action_time": "2014-06-09T16:14:52.654Z", "object_repr": "Partido object", "object_id": "2", "change_message": "", "user": ["admin"], "content_type": ["mundial", "partido"]}}, {"pk": 45, "model": "admin.logentry", "fields": {"action_flag": 1, "action_time": "2014-06-09T16:15:13.573Z", "object_repr": "Partido object", "object_id": "3", "change_message": "", "user": ["admin"], "content_type": ["mundial", "partido"]}}, {"pk": 46, "model": "admin.logentry", "fields": {"action_flag": 1, "action_time": "2014-06-09T16:15:41.911Z", "object_repr": "Partido object", "object_id": "4", "change_message": "", "user": ["admin"], "content_type": ["mundial", "partido"]}}, {"pk": 47, "model": "admin.logentry", "fields": {"action_flag": 1, "action_time": "2014-06-09T16:16:10.703Z", "object_repr": "Partido object", "object_id": "5", "change_message": "", "user": ["admin"], "content_type": ["mundial", "partido"]}}, {"pk": 48, "model": "admin.logentry", "fields": {"action_flag": 1, "action_time": "2014-06-09T16:16:36.486Z", "object_repr": "Partido object", "object_id": "6", "change_message": "", "user": ["admin"], "content_type": ["mundial", "partido"]}}, {"pk": 49, "model": "admin.logentry", "fields": {"action_flag": 1, "action_time": "2014-06-09T16:17:07.249Z", "object_repr": "Partido object", "object_id": "7", "change_message": "", "user": ["admin"], "content_type": ["mundial", "partido"]}}, {"pk": 50, "model": "admin.logentry", "fields": {"action_flag": 1, "action_time": "2014-06-09T16:17:40.450Z", "object_repr": "Partido object", "object_id": "8", "change_message": "", "user": ["admin"], "content_type": ["mundial", "partido"]}}, {"pk": 51, "model": "admin.logentry", "fields": {"action_flag": 1, "action_time": "2014-06-09T16:18:03.736Z", "object_repr": "Partido object", "object_id": "9", "change_message": "", "user": ["admin"], "content_type": ["mundial", "partido"]}}, {"pk": 52, "model": "admin.logentry", "fields": {"action_flag": 1, "action_time": "2014-06-09T16:18:24.807Z", "object_repr": "Partido object", "object_id": "10", "change_message": "", "user": ["admin"], "content_type": ["mundial", "partido"]}}, {"pk": 53, "model": "admin.logentry", "fields": {"action_flag": 1, "action_time": "2014-06-09T16:18:54.645Z", "object_repr": "Partido object", "object_id": "11", "change_message": "", "user": ["admin"], "content_type": ["mundial", "partido"]}}, {"pk": 54, "model": "admin.logentry", "fields": {"action_flag": 1, "action_time": "2014-06-09T16:19:18.694Z", "object_repr": "Partido object", "object_id": "12", "change_message": "", "user": ["admin"], "content_type": ["mundial", "partido"]}}, {"pk": 55, "model": "admin.logentry", "fields": {"action_flag": 1, "action_time": "2014-06-09T16:20:10.087Z", "object_repr": "Partido object", "object_id": "13", "change_message": "", "user": ["admin"], "content_type": ["mundial", "partido"]}}, {"pk": 56, "model": "admin.logentry", "fields": {"action_flag": 1, "action_time": "2014-06-09T16:20:50.370Z", "object_repr": "Partido object", "object_id": "14", "change_message": "", "user": ["admin"], "content_type": ["mundial", "partido"]}}, {"pk": 57, "model": "admin.logentry", "fields": {"action_flag": 1, "action_time": "2014-06-09T16:21:14.753Z", "object_repr": "Partido object", "object_id": "15", "change_message": "", "user": ["admin"], "content_type": ["mundial", "partido"]}}, {"pk": 58, "model": "admin.logentry", "fields": {"action_flag": 1, "action_time": "2014-06-09T16:21:41.693Z", "object_repr": "Partido object", "object_id": "16", "change_message": "", "user": ["admin"], "content_type": ["mundial", "partido"]}}, {"pk": 59, "model": "admin.logentry", "fields": {"action_flag": 1, "action_time": "2014-06-09T16:22:03.484Z", "object_repr": "Partido object", "object_id": "17", "change_message": "", "user": ["admin"], "content_type": ["mundial", "partido"]}}, {"pk": 60, "model": "admin.logentry", "fields": {"action_flag": 1, "action_time": "2014-06-09T16:22:25.844Z", "object_repr": "Partido object", "object_id": "18", "change_message": "", "user": ["admin"], "content_type": ["mundial", "partido"]}}, {"pk": 61, "model": "admin.logentry", "fields": {"action_flag": 1, "action_time": "2014-06-09T16:23:01.384Z", "object_repr": "Partido object", "object_id": "19", "change_message": "", "user": ["admin"], "content_type": ["mundial", "partido"]}}, {"pk": 62, "model": "admin.logentry", "fields": {"action_flag": 1, "action_time": "2014-06-09T16:23:29.683Z", "object_repr": "Partido object", "object_id": "20", "change_message": "", "user": ["admin"], "content_type": ["mundial", "partido"]}}, {"pk": 63, "model": "admin.logentry", "fields": {"action_flag": 1, "action_time": "2014-06-09T16:23:51.165Z", "object_repr": "Partido object", "object_id": "21", "change_message": "", "user": ["admin"], "content_type": ["mundial", "partido"]}}, {"pk": 64, "model": "admin.logentry", "fields": {"action_flag": 1, "action_time": "2014-06-09T16:24:23.055Z", "object_repr": "Partido object", "object_id": "22", "change_message": "", "user": ["admin"], "content_type": ["mundial", "partido"]}}, {"pk": 65, "model": "admin.logentry", "fields": {"action_flag": 1, "action_time": "2014-06-09T16:24:50.345Z", "object_repr": "Partido object", "object_id": "23", "change_message": "", "user": ["admin"], "content_type": ["mundial", "partido"]}}, {"pk": 66, "model": "admin.logentry", "fields": {"action_flag": 1, "action_time": "2014-06-09T16:25:16.391Z", "object_repr": "Partido object", "object_id": "24", "change_message": "", "user": ["admin"], "content_type": ["mundial", "partido"]}}, {"pk": 67, "model": "admin.logentry", "fields": {"action_flag": 1, "action_time": "2014-06-09T16:25:39.721Z", "object_repr": "Partido object", "object_id": "25", "change_message": "", "user": ["admin"], "content_type": ["mundial", "partido"]}}, {"pk": 68, "model": "admin.logentry", "fields": {"action_flag": 1, "action_time": "2014-06-09T16:26:13.271Z", "object_repr": "Partido object", "object_id": "26", "change_message": "", "user": ["admin"], "content_type": ["mundial", "partido"]}}, {"pk": 69, "model": "admin.logentry", "fields": {"action_flag": 1, "action_time": "2014-06-09T16:26:49.380Z", "object_repr": "Partido object", "object_id": "27", "change_message": "", "user": ["admin"], "content_type": ["mundial", "partido"]}}, {"pk": 70, "model": "admin.logentry", "fields": {"action_flag": 1, "action_time": "2014-06-09T16:27:28.244Z", "object_repr": "Partido object", "object_id": "28", "change_message": "", "user": ["admin"], "content_type": ["mundial", "partido"]}}, {"pk": 71, "model": "admin.logentry", "fields": {"action_flag": 1, "action_time": "2014-06-09T16:29:13.253Z", "object_repr": "Partido object", "object_id": "29", "change_message": "", "user": ["admin"], "content_type": ["mundial", "partido"]}}, {"pk": 72, "model": "admin.logentry", "fields": {"action_flag": 1, "action_time": "2014-06-09T16:29:44.088Z", "object_repr": "Partido object", "object_id": "30", "change_message": "", "user": ["admin"], "content_type": ["mundial", "partido"]}}, {"pk": 73, "model": "admin.logentry", "fields": {"action_flag": 1, "action_time": "2014-06-09T16:30:08.610Z", "object_repr": "Partido object", "object_id": "31", "change_message": "", "user": ["admin"], "content_type": ["mundial", "partido"]}}, {"pk": 74, "model": "admin.logentry", "fields": {"action_flag": 1, "action_time": "2014-06-09T16:30:35.195Z", "object_repr": "Partido object", "object_id": "32", "change_message": "", "user": ["admin"], "content_type": ["mundial", "partido"]}}, {"pk": 75, "model": "admin.logentry", "fields": {"action_flag": 1, "action_time": "2014-06-09T16:31:05.897Z", "object_repr": "Partido object", "object_id": "33", "change_message": "", "user": ["admin"], "content_type": ["mundial", "partido"]}}, {"pk": 76, "model": "admin.logentry", "fields": {"action_flag": 1, "action_time": "2014-06-09T16:31:26.860Z", "object_repr": "Partido object", "object_id": "34", "change_message": "", "user": ["admin"], "content_type": ["mundial", "partido"]}}, {"pk": 77, "model": "admin.logentry", "fields": {"action_flag": 1, "action_time": "2014-06-09T16:32:48.513Z", "object_repr": "Partido object", "object_id": "35", "change_message": "", "user": ["admin"], "content_type": ["mundial", "partido"]}}, {"pk": 78, "model": "admin.logentry", "fields": {"action_flag": 1, "action_time": "2014-06-09T16:33:09.504Z", "object_repr": "Partido object", "object_id": "36", "change_message": "", "user": ["admin"], "content_type": ["mundial", "partido"]}}, {"pk": 79, "model": "admin.logentry", "fields": {"action_flag": 1, "action_time": "2014-06-09T16:33:37.300Z", "object_repr": "Partido object", "object_id": "37", "change_message": "", "user": ["admin"], "content_type": ["mundial", "partido"]}}, {"pk": 80, "model": "admin.logentry", "fields": {"action_flag": 1, "action_time": "2014-06-09T16:34:08.308Z", "object_repr": "Partido object", "object_id": "38", "change_message": "", "user": ["admin"], "content_type": ["mundial", "partido"]}}, {"pk": 81, "model": "admin.logentry", "fields": {"action_flag": 1, "action_time": "2014-06-09T16:34:49.990Z", "object_repr": "Partido object", "object_id": "39", "change_message": "", "user": ["admin"], "content_type": ["mundial", "partido"]}}, {"pk": 82, "model": "admin.logentry", "fields": {"action_flag": 1, "action_time": "2014-06-09T16:35:16.925Z", "object_repr": "Partido object", "object_id": "40", "change_message": "", "user": ["admin"], "content_type": ["mundial", "partido"]}}, {"pk": 83, "model": "admin.logentry", "fields": {"action_flag": 1, "action_time": "2014-06-09T16:35:37.892Z", "object_repr": "Partido object", "object_id": "41", "change_message": "", "user": ["admin"], "content_type": ["mundial", "partido"]}}, {"pk": 84, "model": "admin.logentry", "fields": {"action_flag": 1, "action_time": "2014-06-09T16:36:17.418Z", "object_repr": "Partido object", "object_id": "42", "change_message": "", "user": ["admin"], "content_type": ["mundial", "partido"]}}, {"pk": 85, "model": "admin.logentry", "fields": {"action_flag": 1, "action_time": "2014-06-09T16:36:39.439Z", "object_repr": "Partido object", "object_id": "43", "change_message": "", "user": ["admin"], "content_type": ["mundial", "partido"]}}, {"pk": 86, "model": "admin.logentry", "fields": {"action_flag": 1, "action_time": "2014-06-09T16:37:04.253Z", "object_repr": "Partido object", "object_id": "44", "change_message": "", "user": ["admin"], "content_type": ["mundial", "partido"]}}, {"pk": 87, "model": "admin.logentry", "fields": {"action_flag": 1, "action_time": "2014-06-09T16:37:34.357Z", "object_repr": "Partido object", "object_id": "45", "change_message": "", "user": ["admin"], "content_type": ["mundial", "partido"]}}, {"pk": 88, "model": "admin.logentry", "fields": {"action_flag": 1, "action_time": "2014-06-09T16:37:54.652Z", "object_repr": "Partido object", "object_id": "46", "change_message": "", "user": ["admin"], "content_type": ["mundial", "partido"]}}, {"pk": 89, "model": "admin.logentry", "fields": {"action_flag": 1, "action_time": "2014-06-09T16:38:22.838Z", "object_repr": "Partido object", "object_id": "47", "change_message": "", "user": ["admin"], "content_type": ["mundial", "partido"]}}, {"pk": 90, "model": "admin.logentry", "fields": {"action_flag": 1, "action_time": "2014-06-09T16:38:56.301Z", "object_repr": "Partido object", "object_id": "48", "change_message": "", "user": ["admin"], "content_type": ["mundial", "partido"]}}, {"pk": 1, "model": "apuesta.apuesta", "fields": {"partido": 1, "ganador": "L", "golesL": 2, "golesV": 1, "usuario": ["admin"]}}, {"pk": 2, "model": "apuesta.apuesta", "fields": {"partido": 16, "ganador": "L", "golesL": 4, "golesV": 1, "usuario": ["admin"]}}, {"pk": 3, "model": "apuesta.apuesta", "fields": {"partido": 36, "ganador": "L", "golesL": 3, "golesV": 0, "usuario": ["admin"]}}, {"pk": 4, "model": "apuesta.apuesta", "fields": {"partido": 2, "ganador": "E", "golesL": 1, "golesV": 1, "usuario": ["admin"]}}, {"pk": 5, "model": "apuesta.apuesta", "fields": {"partido": 20, "ganador": "V", "golesL": 1, "golesV": 2, "usuario": ["admin"]}}, {"pk": 6, "model": "apuesta.apuesta", "fields": {"partido": 35, "ganador": "V", "golesL": 0, "golesV": 1, "usuario": ["admin"]}}, {"pk": 7, "model": "apuesta.apuesta", "fields": {"partido": 3, "ganador": "E", "golesL": 1, "golesV": 1, "usuario": ["admin"]}}, {"pk": 8, "model": "apuesta.apuesta", "fields": {"partido": 19, "ganador": "L", "golesL": 2, "golesV": 1, "usuario": ["admin"]}}, {"pk": 9, "model": "apuesta.apuesta", "fields": {"partido": 33, "ganador": "L", "golesL": 1, "golesV": 0, "usuario": ["admin"]}}, {"pk": 10, "model": "apuesta.apuesta", "fields": {"partido": 4, "ganador": "L", "golesL": 3, "golesV": 0, "usuario": ["admin"]}}, {"pk": 11, "model": "apuesta.apuesta", "fields": {"partido": 18, "ganador": "V", "golesL": 0, "golesV": 2, "usuario": ["admin"]}}, {"pk": 12, "model": "apuesta.apuesta", "fields": {"partido": 34, "ganador": "V", "golesL": 0, "golesV": 4, "usuario": ["admin"]}}, {"pk": 13, "model": "apuesta.apuesta", "fields": {"partido": 5, "ganador": "L", "golesL": 1, "golesV": 0, "usuario": ["admin"]}}, {"pk": 14, "model": "apuesta.apuesta", "fields": {"partido": 21, "ganador": "E", "golesL": 1, "golesV": 1, "usuario": ["admin"]}}, {"pk": 15, "model": "apuesta.apuesta", "fields": {"partido": 40, "ganador": "E", "golesL": 2, "golesV": 2, "usuario": ["admin"]}}, {"pk": 16, "model": "apuesta.apuesta", "fields": {"partido": 8, "ganador": "E", "golesL": 3, "golesV": 3, "usuario": ["admin"]}}, {"pk": 17, "model": "apuesta.apuesta", "fields": {"partido": 23, "ganador": "V", "golesL": 1, "golesV": 3, "usuario": ["admin"]}}, {"pk": 18, "model": "apuesta.apuesta", "fields": {"partido": 39, "ganador": "V", "golesL": 1, "golesV": 2, "usuario": ["admin"]}}, {"pk": 19, "model": "apuesta.apuesta", "fields": {"partido": 6, "ganador": "L", "golesL": 3, "golesV": 0, "usuario": ["admin"]}}, {"pk": 20, "model": "apuesta.apuesta", "fields": {"partido": 22, "ganador": "L", "golesL": 2, "golesV": 1, "usuario": ["admin"]}}, {"pk": 21, "model": "apuesta.apuesta", "fields": {"partido": 38, "ganador": "V", "golesL": 0, "golesV": 2, "usuario": ["admin"]}}, {"pk": 22, "model": "apuesta.apuesta", "fields": {"partido": 7, "ganador": "E", "golesL": 0, "golesV": 0, "usuario": ["admin"]}}, {"pk": 23, "model": "apuesta.apuesta", "fields": {"partido": 24, "ganador": "L", "golesL": 2, "golesV": 0, "usuario": ["admin"]}}, {"pk": 24, "model": "apuesta.apuesta", "fields": {"partido": 37, "ganador": "E", "golesL": 0, "golesV": 0, "usuario": ["admin"]}}, {"pk": 1, "model": "social.torneo", "fields": {"nombre": "Turpial Andino", "administrador": ["admin"], "miembros": []}}, {"pk": 2, "model": "social.torneo", "fields": {"nombre": "Los cuchis", "administrador": ["admin"], "miembros": []}}]